Temperature (°C),Predicted Electricity Usage (kWh)
18,1033453.7445888172
22,1084889.3373071572
28,1180670.5017049522
35,1320945.604248463
